5,6,30,1.2,0.433,0.733,13,13,22,1,-1
4,6,24,1.5,0.458,0.792,5.5,11,19,2,-1
6,7,42,1.167,0.357,0.548,7.5,15,23,2,-1
7,16,112,2.286,0.321,0.643,2.57,36,72,14,-1
11,8,88,0.727,0.409,0.477,36,36,42,1,-1
2,20,40,10,0.675,0.675,27,27,27,1,-1
9,21,189,2.333,0.429,0.772,3,81,146,27,-1
9,50,450,5.556,0.496,0.958,2.69,223,431,83,-1
10,66,660,6.6,0.273,0.661,1.94,180,436,93,-1
9,90,810,10,0.26,0.786,2.18,211,637,97,-1
9,92,828,10.222,0.286,0.885,1.93,237,733,123,-1
9,51,459,5.667,0.296,0.786,2.34,136,361,58,-1
10,12,120,1.2,0.367,1,1.69,44,120,26,-1
10,53,530,5.3,0.294,0.819,1.79,156,434,87,-1
12,56,672,4.667,0.256,0.827,2.02,172,556,85,-1
10,83,830,8.3,0.266,0.827,2.1,221,686,105,-1
9,32,288,3.556,0.271,0.594,2.23,78,171,35,-1
2,20,40,10,0.775,0.85,31,31,34,1,-1
11,86,946,7.818,0.413,0.853,3.1,391,807,126,-1
11,20,220,1.818,0.168,0.75,3.36,37,165,11,-1
9,5,45,0.556,0.378,0.933,2.83,17,42,6,-1
3,113,339,37.667,0.357,0.378,30.25,121,128,4,-1
9,32,288,3.556,0.302,0.781,2.07,87,225,42,-1
9,75,675,8.333,0.256,0.606,2.19,173,409,79,-1
8,48,384,6,0.302,0.914,1.76,116,351,66,-1
1,17,17,17,0.765,1,3.25,13,17,4,-1
1,57,57,57,0.456,1,3.71,26,57,7,-1
14,185,2590,13.214,0.254,0.651,2.27,657,1687,289,-1
2,116,232,58,0.616,0.802,17.88,143,186,8,-1
10,131,1310,13.1,0.415,0.857,2.74,543,1123,198,-1
1,12,12,12,0.583,1,3.5,7,12,2,-1
7,46,322,6.571,0.155,0.587,4.17,50,189,12,-1
1,12,12,12,0.583,1,3.5,7,12,2,-1
10,98,980,9.8,0.391,0.835,2.41,383,818,159,-1
8,23,184,2.875,0.288,1,1.47,53,184,36,-1
9,99,891,11,0.27,0.818,1.93,241,729,125,-1
11,101,1111,9.182,0.239,0.818,1.61,265,909,165,-1
8,8,64,1,0.203,0.344,4.33,13,22,3,-1
8,21,168,2.625,0.339,0.673,1.97,57,113,29,-1
9,84,756,9.333,0.288,0.791,1.83,218,598,119,-1
10,126,1260,12.6,0.41,0.833,2.63,516,1049,196,-1
12,117,1404,9.75,0.22,0.673,1.68,309,945,184,-1
9,35,315,3.889,0.263,0.667,2.86,83,210,29,-1
9,22,198,2.444,0.298,0.965,2.11,59,191,28,-1
1,45,45,45,0.756,1,5.67,34,45,6,-1
9,122,1098,13.556,0.339,0.947,2.57,372,1040,145,-1
6,46,276,7.667,0.217,0.804,2,60,222,30,-1
5,8,40,1.6,0.35,0.675,4.67,14,27,3,-1
3,31,93,10.333,0.226,0.774,2.1,21,72,10,-1
11,8,88,0.727,0.375,0.602,4.13,33,53,8,-1
10,8,80,0.8,0.5,1,5,40,80,8,-1
10,11,110,1.1,0.382,1,1.5,42,110,28,-1
11,100,1100,9.091,0.269,0.765,1.9,296,842,156,-1
9,32,288,3.556,0.333,0.861,1.68,96,248,57,-1
8,82,656,10.25,0.398,0.951,2.51,261,624,104,-1
12,8,96,0.667,0.198,1,2.11,19,96,9,-1
2,123,246,61.5,0.5,0.504,123,123,124,1,-1
19,123,2337,6.474,0.089,0.089,207,207,208,1,-1
10,65,650,6.5,0.445,0.911,2.58,289,592,112,-1
9,20,180,2.222,0.339,0.772,1.74,61,139,35,-1
4,8,32,2,0.344,0.781,1.83,11,25,6,-1
12,116,1392,9.667,0.246,0.707,1.99,343,984,172,-1
8,40,320,5,0.391,0.991,2.08,125,317,60,-1
8,42,336,5.25,0.363,0.97,2.18,122,326,56,-1
10,131,1310,13.1,0.456,0.851,3,597,1115,199,-1
7,27,189,3.857,0.101,0.619,3.8,19,117,5,-1
8,122,976,15.25,0.227,0.65,1.44,222,634,154,-1
9,97,873,10.778,0.466,0.973,2.42,407,849,168,-1
9,76,684,8.444,0.363,0.874,2.18,248,598,114,-1
12,118,1416,9.833,0.253,0.767,1.95,358,1086,184,-1
9,92,828,10.222,0.365,0.954,2.2,302,790,137,-1
7,9,63,1.286,0.333,0.492,21,21,31,1,-1
5,46,230,9.2,0.278,0.835,2.21,64,192,29,-1
10,38,380,3.8,0.434,0.892,2.89,165,339,57,-1
10,98,980,9.8,0.448,0.881,2.74,439,863,160,-1
10,24,240,2.4,0.267,0.821,2.06,64,197,31,-1
11,97,1067,8.818,0.297,0.666,2.4,317,711,132,-1
9,69,621,7.667,0.343,0.876,1.75,213,544,122,-1
9,82,738,9.111,0.385,0.935,2.29,284,690,124,-1
10,40,400,4,0.338,0.878,1.9,135,351,71,-1
9,81,729,9,0.348,0.927,2.21,254,676,115,-1
11,8,88,0.727,0.25,1,2.44,22,88,9,-1
1,33,33,33,1,1,33,33,33,1,-1
9,6,54,0.667,0.5,0.593,13.5,27,32,2,-1
10,64,640,6.4,0.514,0.966,2.84,329,618,116,-1
9,34,306,3.778,0.288,0.641,2.1,88,196,42,-1
25,118,2950,4.72,0.268,0.745,2.02,791,2198,392,-1
1,46,46,46,0.783,1,12,36,46,3,-1
2,64,128,32,0.531,0.586,17,68,75,4,-1
8,32,256,4,0.336,0.789,2.46,86,202,35,-1
8,16,128,2,0.477,0.906,2.44,61,116,25,-1
4,115,460,28.75,0.426,0.487,17.82,196,224,11,-1
12,8,96,0.667,0.792,1,15.2,76,96,5,-1
311,463,1.44e+05,1.489,0.088,0.16,3.93,12631,23092,3212,1
9,24,216,2.667,0.537,1,2.9,116,216,40,-1
11,98,1078,8.909,0.317,0.643,2.8,342,693,122,-1
34,114,3876,3.353,0.105,0.301,2.59,406,1166,157,-1
12,101,1212,8.417,0.292,0.792,1.99,354,960,178,-1
10,84,840,8.4,0.356,0.849,2.47,299,713,121,-1
10,78,780,7.8,0.381,0.856,2.52,297,668,118,-1
9,7,63,0.778,0.349,0.683,2.2,22,43,10,-1
9,121,1089,13.444,0.399,0.843,2.4,434,918,181,-1
10,47,470,4.7,0.336,0.628,2.26,158,295,70,-1
11,8,88,0.727,0.602,1,4.08,53,88,13,-1
10,38,380,3.8,0.432,0.939,2.78,164,357,59,-1
9,37,333,4.111,0.39,0.811,2.03,130,270,64,-1
23,26,598,1.13,0.278,0.96,1.8,166,574,92,-1
9,83,747,9.222,0.292,0.909,2.42,218,679,90,-1
10,34,340,3.4,0.388,0.891,2.1,132,303,63,-1
9,82,738,9.111,0.37,0.924,2.39,273,682,114,-1
12,13,156,1.083,0.391,0.981,2.35,61,153,26,-1
10,86,860,8.6,0.326,0.844,1.85,280,726,151,-1
9,22,198,2.444,0.389,0.843,1.93,77,167,40,-1
10,85,850,8.5,0.324,0.675,2.25,275,574,122,-1
9,44,396,4.889,0.449,0.879,2.97,178,348,60,-1
1,117,117,117,0.393,1,5.75,46,117,8,-1
1,77,77,77,0.403,1,5.17,31,77,6,-1
1,28,28,28,0.964,1,27,27,28,1,-1
7,8,56,1.143,0.161,0.518,1.8,9,29,5,-1
11,21,231,1.909,0.468,0.719,7.2,108,166,15,-1
11,9,99,0.818,0.515,0.768,8.5,51,76,6,-1
9,20,180,2.222,0.461,1,2.59,83,180,32,-1
9,49,441,5.444,0.592,0.998,2.97,261,440,88,-1
8,24,192,3,0.297,0.974,1.43,57,187,40,-1
9,34,306,3.778,0.31,0.895,1.61,95,274,59,-1
9,12,108,1.333,0.407,1,1.57,44,108,28,-1
11,85,935,7.727,0.268,0.902,1.73,251,843,145,-1
12,43,516,3.583,0.328,0.789,2.56,169,407,66,-1
9,64,576,7.111,0.491,0.984,2.57,283,567,110,-1
8,43,344,5.375,0.372,0.956,2.1,128,329,61,-1
3,14,42,4.667,0.381,0.881,3.2,16,37,5,-1
14,38,532,2.714,0.244,0.489,2.95,130,260,44,-1
1,15,15,15,0.867,1,6.5,13,15,2,-1
9,21,189,2.333,0.317,0.778,2.61,60,147,23,-1
9,92,828,10.222,0.35,0.917,2.07,290,759,140,-1
9,12,108,1.333,0.444,1,1.78,48,108,27,-1
12,98,1176,8.167,0.245,0.624,2.23,288,734,129,-1
9,13,117,1.444,0.103,0.752,4,12,88,3,-1
8,36,288,4.5,0.615,0.938,3.22,177,270,55,-1
10,125,1250,12.5,0.456,0.862,2.92,570,1078,195,-1
8,44,352,5.5,0.486,0.952,2.95,171,335,58,-1
9,46,414,5.111,0.29,0.838,2.18,120,347,55,-1
2,176,352,88,0.528,0.605,31,186,213,6,-1
9,130,1170,14.444,0.513,0.925,2.86,600,1082,210,-1
1,39,39,39,0.897,1,8.75,35,39,4,-1
1,44,44,44,0.909,1,20,40,44,2,-1
2,52,104,26,0.144,0.702,2.5,15,73,6,-1
4,32,128,8,0.313,1,2.11,40,128,19,-1
7,123,861,17.571,0.265,0.626,1.66,228,539,137,-1
12,9,108,0.75,0.509,0.657,9.17,55,71,6,-1
11,9,99,0.818,0.545,0.818,9,54,81,6,-1
11,9,99,0.818,0.384,0.727,3.8,38,72,10,-1
9,21,189,2.333,0.365,0.905,2.3,69,171,30,-1
12,2,24,0.167,0.625,0.667,15,15,16,1,1
12,83,996,6.917,0.253,0.756,1.75,252,753,144,-1
12,73,876,6.083,0.259,0.743,2.1,227,651,108,-1
10,98,980,9.8,0.3,0.781,1.72,294,765,171,-1
12,27,324,2.25,0.318,0.898,2.64,103,291,39,-1
12,61,732,5.083,0.251,0.746,1.77,184,546,104,-1
9,65,585,7.222,0.463,0.901,2.66,271,527,102,-1
9,32,288,3.556,0.299,0.691,2.1,86,199,41,-1
9,83,747,9.222,0.335,0.843,2.05,250,630,122,-1
8,46,368,5.75,0.315,0.938,1.78,116,345,65,-1
8,41,328,5.125,0.393,0.976,2.19,129,320,59,-1
9,45,405,5,0.319,0.923,2.11,129,374,61,-1
1,35,35,35,0.857,1,10,30,35,3,-1
8,5,40,0.625,0.325,0.9,6.5,13,36,2,-1
8,14,112,1.75,0.321,0.938,1.71,36,105,21,-1
8,50,400,6.25,0.253,0.8,2.3,101,320,44,-1
7,2,14,0.286,0.643,0.929,2.25,9,13,4,-1
10,8,80,0.8,0.688,1,9.17,55,80,6,-1
10,8,80,0.8,0.575,0.888,9.2,46,71,5,-1
9,36,324,4,0.491,0.84,3.31,159,272,48,-1
10,97,970,9.7,0.425,0.825,2.71,412,800,152,-1
9,49,441,5.444,0.587,0.961,3.12,259,424,83,-1
9,20,180,2.222,0.3,0.972,1.74,54,175,31,-1
9,36,324,4,0.352,0.806,1.75,114,261,65,-1
9,50,450,5.556,0.32,0.716,2.67,144,322,54,-1
8,17,136,2.125,0.294,0.654,2.22,40,89,18,-1
11,101,1111,9.182,0.253,0.77,1.71,281,856,164,-1
8,83,664,10.375,0.357,0.979,1.98,237,650,120,-1
12,72,864,6,0.228,0.78,1.79,197,674,110,-1
9,97,873,10.778,0.317,0.863,1.76,277,753,157,-1
8,6,48,0.75,0.542,0.646,13,26,31,2,-1
10,64,640,6.4,0.439,0.889,2.58,281,569,109,-1
9,83,747,9.222,0.289,0.751,1.93,216,561,112,-1
10,100,1000,10,0.41,0.846,2.81,410,846,146,-1
10,118,1180,11.8,0.277,0.745,2.02,327,879,162,-1
21,2,42,0.095,0.738,0.738,31,31,31,1,-1
11,89,979,8.091,0.17,0.706,2.72,166,691,61,-1
8,71,568,8.875,0.312,0.866,1.86,177,492,95,-1
13,116,1508,8.923,0.279,0.658,2.3,421,992,183,-1
6,29,174,4.833,0.339,0.874,1.51,59,152,39,-1
10,48,480,4.8,0.313,0.76,2.5,150,365,60,-1
10,35,350,3.5,0.38,0.829,2.02,133,290,66,-1
13,217,2821,16.692,0.361,0.686,3.05,1019,1934,334,-1
13,487,6331,37.462,0.247,0.63,2.1,1564,3988,745,-1
12,168,2016,14,0.255,0.719,2.1,515,1449,245,-1
26,1,26,0.038,1,1,26,26,26,1,1
13,65,845,5,0.302,0.677,2.58,255,572,99,-1
13,106,1378,8.154,0.306,0.688,2.37,422,948,178,-1
37,72,2664,1.946,0.12,0.257,7.64,321,685,42,1
7,46,322,6.571,0.304,0.963,2.58,98,310,38,-1
15,1,15,0.067,1,1,15,15,15,1,1
22,72,1584,3.273,0.52,0.856,10.04,823,1356,82,-1
6,181,1086,30.167,0.298,0.684,1.69,324,743,192,-1
8,71,568,8.875,0.407,0.903,2.06,231,513,112,-1
10,108,1080,10.8,0.297,0.831,1.84,321,897,174,-1
28,137,3836,4.893,0.265,0.564,5.05,1016,2163,201,-1
13,407,5291,31.308,0.266,0.649,2.31,1406,3435,609,-1
10,34,340,3.4,0.426,0.656,3.02,145,223,48,-1
9,33,297,3.667,0.377,0.842,2.24,112,250,50,-1
9,107,963,11.889,0.383,0.858,2.22,369,826,166,-1
6,90,540,15,0.298,0.77,1.55,161,416,104,-1
8,17,136,2.125,0.456,0.824,2.38,62,112,26,-1
12,58,696,4.833,0.343,0.803,3.85,239,559,62,-1
7,181,1267,25.857,0.316,0.758,1.65,400,961,242,-1
10,107,1070,10.7,0.273,0.738,1.81,292,790,161,-1
6,100,600,16.667,0.345,0.795,1.68,207,477,123,-1
6,43,258,7.167,0.337,0.969,1.67,87,250,52,-1
12,129,1548,10.75,0.303,0.711,2.51,469,1100,187,-1
9,107,963,11.889,0.375,0.861,1.94,361,829,186,-1
9,172,1548,19.111,0.353,0.799,2.43,546,1237,225,-1
9,71,639,7.889,0.39,0.768,2.44,249,491,102,-1
8,93,744,11.625,0.324,0.835,1.99,241,621,121,-1
6,44,264,7.333,0.447,0.811,2.11,118,214,56,-1
9,42,378,4.667,0.378,0.841,2.65,143,318,54,-1
9,9,81,1,0.63,0.802,5.1,51,65,10,-1
10,90,900,9,0.501,0.868,3.92,451,781,115,-1
6,90,540,15,0.394,0.804,2.2,213,434,97,-1
8,70,560,8.75,0.388,0.841,2.21,217,471,98,-1
6,101,606,16.833,0.411,0.876,1.93,249,531,129,-1
6,50,300,8.333,0.327,0.687,2,98,206,49,-1
9,43,387,4.778,0.388,0.886,2.73,150,343,55,-1
12,84,1008,7,0.43,0.703,3.52,433,709,123,-1
153,442,67626,2.889,0.114,0.215,6.27,7689,14538,1227,1
3,259,777,86.333,0.411,0.481,13.29,319,374,24,-1
11,37,407,3.364,0.371,0.899,2.01,151,366,75,-1
10,54,540,5.4,0.378,0.622,3.14,204,336,65,-1
12,497,5964,41.417,0.269,0.594,2.44,1605,3544,658,-1
8,27,216,3.375,0.218,0.852,2.24,47,184,21,-1
7,172,1204,24.571,0.294,0.967,2.07,354,1164,171,-1
7,17,119,2.429,0.412,0.807,2.58,49,96,19,-1
6,189,1134,31.5,0.324,0.83,1.62,367,941,227,-1
12,67,804,5.583,0.35,0.693,2.84,281,557,99,-1
9,33,297,3.667,0.33,0.845,1.81,98,251,54,-1
5,88,440,17.6,0.364,0.775,1.67,160,341,96,-1
7,17,119,2.429,0.454,0.866,3.18,54,103,17,-1
8,74,592,9.25,0.412,0.845,2.14,244,500,114,-1
8,69,552,8.625,0.312,0.842,1.91,172,465,90,-1
8,61,488,7.625,0.316,0.967,2.03,154,472,76,-1
9,42,378,4.667,0.45,0.905,2.79,170,342,61,-1
10,35,350,3.5,0.434,0.803,2.34,152,281,65,-1
38,410,15580,10.789,0.279,0.696,2.39,4341,10849,1815,-1
12,116,1392,9.667,0.331,0.756,2.62,461,1053,176,-1
11,104,1144,9.455,0.377,0.779,2.57,431,891,168,-1
9,108,972,12,0.364,0.794,2.15,354,772,165,-1
9,71,639,7.889,0.352,0.897,1.97,225,573,114,-1
11,90,990,8.182,0.362,0.808,2.82,358,800,127,-1
9,35,315,3.889,0.397,0.832,1.92,125,262,65,-1
12,414,4968,34.5,0.313,0.734,2.3,1554,3646,675,-1
12,69,828,5.75,0.4,0.74,3.48,331,613,95,-1
12,118,1416,9.833,0.35,0.778,2.98,495,1102,166,-1
33,28,924,0.848,0.098,0.271,5.69,91,250,16,1
9,108,972,12,0.389,0.88,2.22,378,855,170,-1
6,89,534,14.833,0.403,0.82,2.03,215,438,106,-1
24,64,1536,2.667,0.227,0.57,3.38,348,875,103,-1
9,35,315,3.889,0.273,0.654,1.65,86,206,52,-1
9,264,2376,29.333,0.261,0.612,1.99,619,1455,311,-1
7,55,385,7.857,0.374,0.821,2.09,144,316,69,-1
7,12,84,1.714,0.476,0.762,2.86,40,64,14,-1
7,26,182,3.714,0.33,0.786,2.07,60,143,29,-1
10,271,2710,27.1,0.251,0.754,1.88,679,2044,362,-1
10,272,2720,27.2,0.232,0.65,1.98,631,1767,319,-1
15,14,210,0.933,0.11,0.338,1.92,23,71,12,1
5,12,60,2.4,0.133,0.267,4,8,16,2,1
8,5,40,0.625,0.275,0.45,3.67,11,18,3,1
23,271,6233,11.783,0.126,0.359,1.87,786,2239,420,-1
8,69,552,8.625,0.279,0.687,1.5,154,379,103,-1
8,272,2176,34,0.189,0.688,1.32,411,1497,311,-1
11,271,2981,24.636,0.177,0.588,1.49,527,1752,353,-1
8,34,272,4.25,0.309,0.908,1.5,84,247,56,-1
8,21,168,2.625,0.28,0.923,1.38,47,155,34,-1
10,60,600,6,0.203,0.595,1.44,122,357,85,-1
6,5,30,0.833,0.233,0.633,1.75,7,19,4,1
10,271,2710,27.1,0.188,0.665,1.31,509,1803,388,-1
2,49,98,24.5,0.51,0.51,50,50,50,1,-1
8,10,80,1.25,0.313,0.675,1.92,25,54,13,-1
8,37,296,4.625,0.334,0.993,1.29,99,294,77,-1
8,31,248,3.875,0.298,0.871,1.45,74,216,51,-1
7,5,35,0.714,0.2,0.429,7,7,15,1,-1
8,62,496,7.75,0.218,0.629,1.57,108,312,69,-1
8,245,1960,30.625,0.198,0.555,1.36,389,1088,286,-1
8,98,784,12.25,0.282,0.864,1.42,221,677,156,-1
8,71,568,8.875,0.238,0.701,1.47,135,398,92,-1
7,7,49,1,0.429,1,1.91,21,49,11,-1
10,271,2710,27.1,0.187,0.602,1.35,508,1632,375,-1
8,261,2088,32.625,0.218,0.773,1.34,455,1615,340,-1
7,17,119,2.429,0.328,0.731,1.44,39,87,27,-1
10,271,2710,27.1,0.168,0.612,1.29,454,1659,351,-1
11,103,1133,9.364,0.156,0.576,1.44,177,653,123,-1
7,18,126,2.571,0.31,0.96,1.39,39,121,28,-1
5,12,60,2.4,0.383,0.883,1.92,23,53,12,-1
6,69,414,11.5,0.28,0.744,1.4,116,308,83,-1
5,12,60,2.4,0.317,0.75,1.46,19,45,13,-1
5,21,105,4.2,0.295,0.733,1.48,31,77,21,-1
5,6,30,1.2,0.333,0.967,2.5,10,29,4,-1
6,2,12,0.333,0.583,1,7,7,12,1,-1
8,12,96,1.5,0.208,0.771,1.11,20,74,18,-1
7,14,98,2,0.337,0.99,1.65,33,97,20,-1
9,29,261,3.222,0.234,0.709,1.3,61,185,47,-1
6,50,300,8.333,0.213,0.577,1.31,64,173,49,-1
5,75,375,15,0.259,0.867,1.18,97,325,82,-1
1,114,114,114,0.939,1,21.4,107,114,5,-1
6,49,294,8.167,0.241,0.633,1.42,71,186,50,-1
6,12,72,2,0.319,0.653,2.09,23,47,11,-1
9,16,144,1.778,0.16,0.5,1.92,23,72,12,-1
8,11,88,1.375,0.159,0.477,1.75,14,42,8,-1
7,27,189,3.857,0.164,0.397,2.58,31,75,12,-1
6,13,78,2.167,0.295,0.897,1.64,23,70,14,-1
6,13,78,2.167,0.295,0.872,1.44,23,68,16,-1
6,40,240,6.667,0.313,0.996,1.27,75,239,59,-1
1,12,12,12,0.583,1,1.75,7,12,4,-1
7,37,259,5.286,0.301,0.691,1.81,78,179,43,-1
7,54,378,7.714,0.267,0.619,1.42,101,234,71,-1
5,13,65,2.6,0.415,0.938,1.69,27,61,16,-1
6,13,78,2.167,0.308,0.872,1.6,24,68,15,-1
6,14,84,2.333,0.274,0.929,1.28,23,78,18,-1
6,24,144,4,0.257,0.771,1.42,37,111,26,-1
6,13,78,2.167,0.282,0.936,1.57,22,73,14,-1
1,27,27,27,0.407,1,1.83,11,27,6,-1
9,15,135,1.667,0.178,0.556,1.6,24,75,15,-1
5,17,85,3.4,0.4,0.965,1.31,34,82,26,-1
9,19,171,2.111,0.269,0.643,1.35,46,110,34,-1
8,26,208,3.25,0.25,0.808,1.37,52,168,38,-1
8,27,216,3.375,0.208,0.852,1.45,45,184,31,-1
7,18,126,2.571,0.206,0.651,2.17,26,82,12,-1
7,4,28,0.571,0.286,0.964,8,8,27,1,-1
7,19,133,2.714,0.331,0.767,1.42,44,102,31,-1
7,33,231,4.714,0.299,0.848,1.44,69,196,48,-1
10,151,1510,15.1,0.193,0.77,1.48,291,1162,197,-1
9,49,441,5.444,0.265,0.744,1.6,117,328,73,-1
8,47,376,5.875,0.221,0.702,1.26,83,264,66,-1
9,56,504,6.222,0.21,0.603,1.26,106,304,84,-1
7,35,245,5,0.31,1,1.55,76,245,49,-1
7,13,91,1.857,0.297,0.835,1.69,27,76,16,-1
7,9,63,1.286,0.317,0.81,1.54,20,51,13,-1
7,20,140,2.857,0.35,0.757,1.58,49,106,31,-1
7,21,147,3,0.327,0.728,1.41,48,107,34,-1
9,214,1926,23.778,0.23,0.748,1.44,443,1440,307,-1
7,11,77,1.571,0.312,0.987,1.2,24,76,20,-1
7,33,231,4.714,0.342,0.848,1.98,79,196,40,-1
8,23,184,2.875,0.31,0.88,1.84,57,162,31,-1
7,20,140,2.857,0.364,0.871,1.46,51,122,35,-1
9,49,441,5.444,0.272,0.791,1.38,120,349,87,-1
7,8,56,1.143,0.357,0.893,2.22,20,50,9,-1
9,55,495,6.111,0.259,0.699,1.47,128,346,87,-1
7,4,28,0.571,0.25,0.857,2.33,7,24,3,-1
7,13,91,1.857,0.374,0.978,1.79,34,89,19,-1
7,18,126,2.571,0.365,0.968,2,46,122,23,-1
7,26,182,3.714,0.269,0.929,1.23,49,169,40,-1
6,17,102,2.833,0.324,1,1.32,33,102,25,-1
9,48,432,5.333,0.273,0.685,1.42,118,296,83,-1
5,11,55,2.2,0.455,1,1.67,25,55,15,-1
9,21,189,2.333,0.206,0.778,1.22,39,147,32,-1
9,58,522,6.444,0.203,0.531,1.34,106,277,79,-1
9,22,198,2.444,0.227,0.934,1.61,45,185,28,-1
9,32,288,3.556,0.24,0.913,1.5,69,263,46,-1
6,33,198,5.5,0.247,0.813,1.2,49,161,41,-1
6,25,150,4.167,0.273,0.787,1.17,41,118,35,-1
7,17,119,2.429,0.353,0.79,1.56,42,94,27,-1
7,40,280,5.714,0.336,0.971,1.57,94,272,60,-1
8,25,200,3.125,0.285,0.88,1.36,57,176,42,-1
7,19,133,2.714,0.248,0.624,1.5,33,83,22,-1
7,13,91,1.857,0.363,1,1.94,33,91,17,-1
7,13,91,1.857,0.33,0.835,1.43,30,76,21,-1
7,20,140,2.857,0.257,0.879,1.13,36,123,32,-1
7,11,77,1.571,0.364,0.727,1.56,28,56,18,-1
9,39,351,4.333,0.239,0.624,1.53,84,219,55,-1
7,10,70,1.429,0.329,1,1.77,23,70,13,-1
6,6,36,1,0.361,1,1.44,13,36,9,-1
7,35,245,5,0.302,0.939,1.48,74,230,50,-1
7,39,273,5.571,0.293,0.733,1.43,80,200,56,-1
7,51,357,7.286,0.322,0.784,1.49,115,280,77,-1
7,13,91,1.857,0.286,0.989,1.73,26,90,15,-1
7,10,70,1.429,0.286,0.829,1.33,20,58,15,-1
6,11,66,1.833,0.364,0.955,1.33,24,63,18,-1
7,8,56,1.143,0.357,0.786,1.54,20,44,13,-1
7,23,161,3.286,0.342,0.783,1.45,55,126,38,-1
7,52,364,7.429,0.272,0.788,1.22,99,287,81,-1
9,29,261,3.222,0.287,0.747,1.53,75,195,49,-1
7,17,119,2.429,0.336,0.908,1.48,40,108,27,-1
7,11,77,1.571,0.312,0.844,1.33,24,65,18,-1
7,20,140,2.857,0.257,0.75,1.33,36,105,27,-1
7,16,112,2.286,0.241,0.634,1.93,27,71,14,-1
8,15,120,1.875,0.267,0.908,1.23,32,109,26,-1
9,28,252,3.111,0.25,0.77,1.47,63,194,43,-1
6,11,66,1.833,0.364,0.833,1.6,24,55,15,-1
7,32,224,4.571,0.272,0.862,1.53,61,193,40,-1
6,14,84,2.333,0.274,1,1.28,23,84,18,-1
6,11,66,1.833,0.303,0.97,1.33,20,64,15,-1
7,4,28,0.571,0.393,0.679,3.67,11,19,3,-1
7,51,357,7.286,0.325,0.871,1.66,116,311,70,-1
7,13,91,1.857,0.33,0.835,1.58,30,76,19,-1
7,8,56,1.143,0.393,1,1.69,22,56,13,-1
9,9,81,1,0.272,0.753,1.38,22,61,16,-1
6,10,60,1.667,0.4,0.967,1.5,24,58,16,-1
5,6,30,1.2,0.433,0.967,1.63,13,29,8,-1
5,12,60,2.4,0.483,1,1.38,29,60,21,-1
6,13,78,2.167,0.333,0.846,1.37,26,66,19,-1
6,11,66,1.833,0.394,0.955,1.53,26,63,17,-1
6,13,78,2.167,0.308,1,1.41,24,78,17,-1
7,41,287,5.857,0.341,0.721,1.58,98,207,62,-1
7,14,98,2,0.327,0.847,1.45,32,83,22,-1
7,33,231,4.714,0.264,0.844,1.2,61,195,51,-1
10,251,2510,25.1,0.179,0.515,1.37,449,1293,327,-1
7,19,133,2.714,0.203,0.406,2.25,27,54,12,-1
7,31,217,4.429,0.286,0.673,1.55,62,146,40,-1
7,24,168,3.429,0.196,0.762,1.38,33,128,24,-1
9,26,234,2.889,0.175,0.517,1.37,41,121,30,-1
6,19,114,3.167,0.333,0.93,1.27,38,106,30,-1
5,33,165,6.6,0.376,0.903,1.44,62,149,43,-1
10,11,110,1.1,0.2,0.545,2.2,22,60,10,-1
9,11,99,1.222,0.222,0.737,1.29,22,73,17,-1
7,207,1449,29.571,0.249,0.771,1.29,361,1117,279,-1
6,26,156,4.333,0.288,0.679,1.41,45,106,32,-1
8,30,240,3.75,0.242,0.667,1.35,58,160,43,-1
7,41,287,5.857,0.307,0.808,1.52,88,232,58,-1
7,11,77,1.571,0.416,0.974,1.52,32,75,21,-1
6,11,66,1.833,0.379,0.818,1.67,25,54,15,-1
5,17,85,3.4,0.388,0.859,1.83,33,73,18,-1
6,38,228,6.333,0.377,0.833,1.51,86,190,57,-1
8,48,384,6,0.221,0.557,1.37,85,214,62,-1
9,34,306,3.778,0.209,0.493,1.42,64,151,45,-1
5,13,65,2.6,0.431,0.923,1.87,28,60,15,-1
5,28,140,5.6,0.321,0.95,1.45,45,133,31,-1
6,12,72,2,0.375,0.944,1.5,27,68,18,-1
7,10,70,1.429,0.3,0.771,1.5,21,54,14,-1
7,35,245,5,0.269,0.939,1.32,66,230,50,-1
9,48,432,5.333,0.257,0.738,1.41,111,319,79,-1
5,27,135,5.4,0.304,0.889,1.41,41,120,29,-1
7,26,182,3.714,0.346,0.725,1.5,63,132,42,-1
7,65,455,9.286,0.284,0.846,1.57,129,385,82,-1
7,52,364,7.429,0.266,0.959,1.21,97,349,80,-1
5,43,215,8.6,0.372,0.888,1.45,80,191,55,-1
7,18,126,2.571,0.254,0.841,1.39,32,106,23,-1
7,11,77,1.571,0.299,0.987,1.35,23,76,17,-1
9,16,144,1.778,0.208,0.715,1.5,30,103,20,-1
9,16,144,1.778,0.278,0.917,1.48,40,132,27,-1
6,68,408,11.333,0.257,0.672,1.15,105,274,91,-1
7,47,329,6.714,0.258,0.763,1.29,85,251,66,-1
6,20,120,3.333,0.333,0.942,1.21,40,113,33,-1
6,37,222,6.167,0.306,0.811,1.42,68,180,48,-1
7,35,245,5,0.347,0.771,1.52,85,189,56,-1
6,58,348,9.667,0.276,0.744,1.17,96,259,82,-1
5,11,55,2.2,0.436,0.891,1.71,24,49,14,-1
9,41,369,4.556,0.201,0.653,1.3,74,241,57,-1
7,45,315,6.429,0.238,0.67,1.15,75,211,65,-1
7,10,70,1.429,0.343,0.786,1.33,24,55,18,-1
5,32,160,6.4,0.419,0.981,1.31,67,157,51,-1
7,8,56,1.143,0.321,0.786,1.38,18,44,13,-1
5,10,50,2,0.36,1,1.29,18,50,14,-1
9,44,396,4.889,0.258,0.604,1.38,102,239,74,-1
9,29,261,3.222,0.188,0.502,1.48,49,131,33,-1
6,44,264,7.333,0.265,0.811,1.23,70,214,57,-1
5,43,215,8.6,0.33,0.819,1.16,71,176,61,-1
8,15,120,1.875,0.467,0.783,2.24,56,94,25,-1
8,20,160,2.5,0.375,0.725,1.88,60,116,32,-1
8,48,384,6,0.341,0.737,1.96,131,283,67,-1
7,12,84,1.714,0.417,0.738,1.84,35,62,19,-1
6,7,42,1.167,0.524,1,2,22,42,11,-1
8,9,72,1.125,0.319,0.639,2.09,23,46,11,-1
9,35,315,3.889,0.362,0.825,1.97,114,260,58,-1
7,34,238,4.857,0.462,0.941,2.34,110,224,47,-1
24,18,432,0.75,0.139,0.377,2.07,60,163,29,1
10,33,330,3.3,0.321,0.852,2.47,106,281,43,-1
8,12,96,1.5,0.427,1,1.64,41,96,25,-1
10,25,250,2.5,0.32,0.648,2,80,162,40,-1
16,4,64,0.25,0.156,0.531,5,10,34,2,1
8,16,128,2,0.383,0.867,1.96,49,111,25,-1
36,48,1728,1.333,0.143,0.437,3.58,247,755,69,1
12,271,3252,22.583,0.246,0.615,1.95,799,1999,410,-1
11,42,462,3.818,0.292,0.76,1.93,135,351,70,-1
8,13,104,1.625,0.49,0.933,2.32,51,97,22,-1
11,32,352,2.909,0.301,0.895,1.89,106,315,56,-1
8,12,96,1.5,0.417,0.938,2,40,90,20,-1
9,23,207,2.556,0.386,0.894,2.42,80,185,33,-1
7,16,112,2.286,0.446,0.946,2,50,106,25,-1
19,47,893,2.474,0.078,0.112,3.89,70,100,18,1
12,271,3252,22.583,0.238,0.571,1.98,773,1857,391,-1
9,16,144,1.778,0.375,1,2.08,54,144,26,-1
8,14,112,1.75,0.455,1,1.96,51,112,26,-1
9,18,162,2,0.414,0.877,2.31,67,142,29,-1
10,25,250,2.5,0.384,0.836,2.46,96,209,39,-1
8,4,32,0.5,0.438,0.594,7,14,19,2,1
8,4,32,0.5,0.375,1,1.5,12,32,8,-1
10,27,270,2.7,0.367,0.744,2.02,99,201,49,-1
8,31,248,3.875,0.427,0.992,2.16,106,246,49,-1
6,27,162,4.5,0.475,0.809,2.33,77,131,33,-1
6,13,78,2.167,0.551,0.923,2.53,43,72,17,-1
10,33,330,3.3,0.318,0.758,2.33,105,250,45,-1
10,18,180,1.8,0.306,0.617,2.5,55,111,22,-1
10,35,350,3.5,0.337,0.711,2.62,118,249,45,-1
4,11,44,2.75,0.159,0.932,1.75,7,41,4,1
9,20,180,2.222,0.367,0.9,2.2,66,162,30,-1
53,48,2544,0.906,0.157,0.269,7.84,400,685,51,1
11,87,957,7.909,0.253,0.662,1.89,242,634,128,-1
9,26,234,2.889,0.385,0.85,1.88,90,199,48,-1
9,38,342,4.222,0.371,0.874,1.87,127,299,68,-1
11,45,495,4.091,0.267,0.733,2,132,363,66,-1
8,53,424,6.625,0.33,0.906,2.09,140,384,67,-1
10,36,360,3.6,0.367,0.844,2.24,132,304,59,-1
11,79,869,7.182,0.321,0.713,2.11,279,620,132,-1
1,17,17,17,1,1,17,17,17,1,-1
12,271,3252,22.583,0.259,0.689,1.99,843,2241,423,-1
9,244,2196,27.111,0.237,0.801,1.59,520,1758,327,-1
8,37,296,4.625,0.375,0.753,2.22,111,223,50,-1
6,31,186,5.167,0.5,1,1.94,93,186,48,-1
11,272,2992,24.727,0.279,0.681,1.97,835,2039,423,-1
7,12,84,1.714,0.464,1,2.17,39,84,18,-1
11,86,946,7.818,0.297,0.748,1.95,281,708,144,-1
7,17,119,2.429,0.429,0.748,2.22,51,89,23,-1
11,44,484,4,0.308,0.818,2.01,149,396,74,-1
8,7,56,0.875,0.375,1,2.63,21,56,8,-1
8,16,128,2,0.453,0.68,2.9,58,87,20,-1
9,52,468,5.778,0.359,0.827,2.4,168,387,70,-1
8,36,288,4.5,0.427,1,2.05,123,288,60,-1
7,31,217,4.429,0.461,0.991,2.44,100,215,41,-1
5,4,20,0.8,0.7,0.8,7,14,16,2,-1
8,82,656,10.25,0.402,0.991,2.1,264,650,126,-1
8,12,96,1.5,0.479,0.938,2.3,46,90,20,-1
7,26,182,3.714,0.445,0.978,2.25,81,178,36,-1
11,240,2640,21.818,0.27,0.634,2.05,714,1674,348,-1
9,17,153,1.889,0.451,0.941,2.46,69,144,28,-1
8,17,136,2.125,0.346,1,2.47,47,136,19,-1
8,27,216,3.375,0.435,0.963,2.14,94,208,44,-1
10,67,670,6.7,0.321,0.81,2.29,215,543,94,-1
8,20,160,2.5,0.456,1,2.35,73,160,31,-1
11,261,2871,23.727,0.257,0.644,2.01,738,1849,368,-1
11,12,132,1.091,0.295,0.818,3,39,108,13,-1
9,64,576,7.111,0.345,0.694,2.29,199,400,87,-1
6,36,216,6,0.509,0.991,2,110,214,55,-1
8,14,112,1.75,0.446,0.973,2.27,50,109,22,-1
8,7,56,0.875,0.429,1,2.18,24,56,11,-1
8,12,96,1.5,0.458,0.927,2.2,44,89,20,-1
8,8,64,1,0.516,1,2.36,33,64,14,-1
10,28,280,2.8,0.293,0.8,2,82,224,41,-1
10,19,190,1.9,0.337,0.911,2,64,173,32,-1
10,53,530,5.3,0.306,0.889,1.84,162,471,88,-1
11,96,1056,8.727,0.277,0.68,1.83,292,718,160,-1
9,34,306,3.778,0.356,0.925,2.06,109,283,53,-1
8,55,440,6.875,0.225,0.645,1.77,99,284,56,-1
8,21,168,2.625,0.357,0.964,2.07,60,162,29,-1
6,36,216,6,0.495,0.995,1.91,107,215,56,-1
9,26,234,2.889,0.342,0.821,2.35,80,192,34,-1
9,7,63,0.778,0.365,0.937,1.77,23,59,13,-1
9,24,216,2.667,0.352,0.722,2.17,76,156,35,-1
8,22,176,2.75,0.392,0.915,2.56,69,161,27,-1
8,31,248,3.875,0.415,1,1.87,103,248,55,-1
9,12,108,1.333,0.491,0.889,2.41,53,96,22,-1
8,8,64,1,0.438,1,2.33,28,64,12,-1
8,7,56,0.875,0.429,1,2.18,24,56,11,-1
10,145,1450,14.5,0.278,0.724,1.9,403,1050,212,-1
9,18,162,2,0.352,0.901,1.84,57,146,31,-1
8,12,96,1.5,0.417,0.969,2.11,40,93,19,-1
10,54,540,5.4,0.319,0.824,1.83,172,445,94,-1
11,233,2563,21.182,0.245,0.677,1.8,629,1734,349,-1
8,8,64,1,0.359,0.766,1.64,23,49,14,-1
11,40,440,3.636,0.27,0.618,1.8,119,272,66,-1
8,12,96,1.5,0.396,0.927,1.65,38,89,23,-1
8,4,32,0.5,0.438,0.656,4.67,14,21,3,-1
10,6,60,0.6,0.333,0.817,2.5,20,49,8,-1
10,23,230,2.3,0.248,0.678,2.19,57,156,26,-1
8,12,96,1.5,0.385,0.688,1.95,37,66,19,-1
8,17,136,2.125,0.36,0.831,1.96,49,113,25,-1
8,26,208,3.25,0.346,0.909,1.85,72,189,39,-1
10,44,440,4.4,0.314,0.623,1.92,138,274,72,-1
6,14,84,2.333,0.56,0.929,2.24,47,78,21,-1
8,9,72,1.125,0.361,0.722,1.86,26,52,14,-1
8,13,104,1.625,0.413,1,1.95,43,104,22,-1
11,29,319,2.636,0.32,0.618,2.22,102,197,46,-1
8,19,152,2.375,0.355,0.954,2,54,145,27,-1
10,35,350,3.5,0.326,0.583,2.24,114,204,51,-1
9,28,252,3.111,0.317,0.976,1.95,80,246,41,-1
8,8,64,1,0.391,1,2.5,25,64,10,-1
8,27,216,3.375,0.343,0.778,1.76,74,168,42,-1
10,19,190,1.9,0.3,0.905,1.68,57,172,34,-1
8,42,336,5.25,0.375,0.899,2.07,126,302,61,-1
10,44,440,4.4,0.318,0.87,1.75,140,383,80,-1
11,27,297,2.455,0.303,0.596,2.43,90,177,37,-1
7,26,182,3.714,0.396,1,2,72,182,36,-1
8,29,232,3.625,0.345,0.681,2,80,158,40,-1
10,32,320,3.2,0.306,0.788,1.69,98,252,58,-1
10,61,610,6.1,0.29,0.657,2.16,177,401,82,-1
8,5,40,0.625,0.35,0.6,3.5,14,24,4,-1
7,7,49,1,0.286,0.571,3.5,14,28,4,-1
10,41,410,4.1,0.276,0.693,1.61,113,284,70,-1
10,12,120,1.2,0.35,0.867,2.33,42,104,18,-1
9,19,171,2.111,0.298,0.737,2.68,51,126,19,-1
10,144,1440,14.4,0.256,0.625,1.8,368,900,205,-1
10,51,510,5.1,0.28,0.814,1.66,143,415,86,-1
10,11,110,1.1,0.409,0.955,2.5,45,105,18,-1
5,2,10,0.4,0.7,0.7,7,7,7,1,-1
10,150,1500,15,0.252,0.585,2.07,378,878,183,-1
9,13,117,1.444,0.368,1,2.69,43,117,16,-1
6,13,78,2.167,0.436,0.756,2.27,34,59,15,-1
5,12,60,2.4,0.467,0.6,4.67,28,36,6,-1
8,4,32,0.5,0.469,0.719,3.75,15,23,4,-1
8,39,312,4.875,0.362,0.881,1.74,113,275,65,-1
6,9,54,1.5,0.37,0.722,2,20,39,10,-1
10,39,390,3.9,0.295,0.908,2.09,115,354,55,-1
9,42,378,4.667,0.312,0.889,1.97,118,336,60,-1
37,20,740,0.541,0.131,0.193,4.22,97,143,23,1
34,27,918,0.794,0.219,0.554,3.09,201,509,65,1
8,14,112,1.75,0.411,0.991,2.56,46,111,18,-1
8,33,264,4.125,0.375,0.981,1.6,99,259,62,-1
16,29,464,1.813,0.144,0.496,2.58,67,230,26,1
9,9,81,1,0.358,0.728,2.23,29,59,13,-1
7,20,140,2.857,0.457,0.857,2.46,64,120,26,-1
8,12,96,1.5,0.531,0.813,2.83,51,78,18,-1
7,20,140,2.857,0.429,0.993,2,60,139,30,-1
6,26,156,4.333,0.519,0.955,2.25,81,149,36,-1
6,15,90,2.5,0.467,0.711,3.23,42,64,13,-1
5,19,95,3.8,0.505,0.8,2.18,48,76,22,-1
5,11,55,2.2,0.6,0.818,2.75,33,45,12,-1
5,13,65,2.6,0.554,0.8,3,36,52,12,-1
9,25,225,2.778,0.329,0.502,2.55,74,113,29,-1
10,29,290,2.9,0.303,0.731,2.1,88,212,42,-1
8,14,112,1.75,0.482,0.679,3,54,76,18,-1
8,22,176,2.75,0.295,0.483,2.6,52,85,20,-1
8,12,96,1.5,0.396,0.99,1.9,38,95,20,-1
4,24,96,6,0.573,0.958,2.04,55,92,27,-1
9,18,162,2,0.321,0.654,2.26,52,106,23,-1
10,76,760,7.6,0.322,0.689,1.99,245,524,123,-1
8,9,72,1.125,0.375,0.736,2.45,27,53,11,-1
7,5,35,0.714,0.486,0.943,4.25,17,33,4,-1
9,53,477,5.889,0.335,0.602,2.42,160,287,66,-1
5,5,25,1,0.52,1,2.17,13,25,6,-1
8,8,64,1,0.469,0.844,2.73,30,54,11,-1
10,41,410,4.1,0.302,0.69,2.07,124,283,60,-1
8,33,264,4.125,0.371,0.795,1.92,98,210,51,-1
5,10,50,2,0.56,0.96,2.33,28,48,12,-1
10,25,250,2.5,0.34,0.816,1.89,85,204,45,-1
8,12,96,1.5,0.396,0.969,1.81,38,93,21,-1
8,24,192,3,0.318,0.688,2.65,61,132,23,-1
10,262,2620,26.2,0.288,0.742,1.79,754,1945,421,-1
8,23,184,2.875,0.364,0.967,2.03,67,178,33,-1
8,41,328,5.125,0.378,0.945,1.61,124,310,77,-1
10,33,330,3.3,0.345,0.779,1.9,114,257,60,-1
6,14,84,2.333,0.536,1,2.05,45,84,22,-1
5,4,20,0.8,0.7,1,2.33,14,20,6,-1
8,5,40,0.625,0.4,1,2.67,16,40,6,-1
8,12,96,1.5,0.385,0.948,1.48,37,91,25,-1
8,33,264,4.125,0.345,0.886,1.57,91,234,58,-1
10,262,2620,26.2,0.274,0.757,1.8,719,1984,399,-1
10,260,2600,26,0.282,0.737,1.78,732,1916,412,-1
10,30,300,3,0.363,0.71,2.42,109,213,45,-1
10,26,260,2.6,0.35,0.819,2.33,91,213,39,-1
10,58,580,5.8,0.3,0.84,2.17,174,487,80,-1
8,61,488,7.625,0.342,0.875,1.94,167,427,86,-1
8,19,152,2.375,0.428,0.961,1.76,65,146,37,-1
8,25,200,3.125,0.415,1,1.89,83,200,44,-1
8,12,96,1.5,0.417,0.927,1.74,40,89,23,-1
10,26,260,2.6,0.354,0.769,2.09,92,200,44,-1
5,26,130,5.2,0.523,0.985,1.89,68,128,36,-1
10,54,540,5.4,0.306,0.689,1.94,165,372,85,-1
8,16,128,2,0.344,0.898,1.91,44,115,23,-1
8,19,152,2.375,0.388,0.809,1.97,59,123,30,-1
10,31,310,3.1,0.329,0.952,2.08,102,295,49,-1
11,74,814,6.727,0.247,0.695,1.97,201,566,102,-1
10,39,390,3.9,0.308,0.721,1.69,120,281,71,-1
10,73,730,7.3,0.273,0.79,1.84,199,577,108,-1
8,33,264,4.125,0.356,0.705,2,94,186,47,-1
6,4,24,0.667,0.583,0.792,3.5,14,19,4,-1
10,63,630,6.3,0.298,0.795,1.72,188,501,109,-1
11,262,2882,23.818,0.242,0.618,1.91,697,1781,364,-1
11,261,2871,23.727,0.246,0.638,1.93,707,1833,366,-1
10,31,310,3.1,0.284,0.835,1.69,88,259,52,-1
10,41,410,4.1,0.324,0.81,1.87,133,332,71,-1
9,42,378,4.667,0.325,0.823,1.71,123,311,72,-1
8,13,104,1.625,0.365,0.933,1.65,38,97,23,-1
5,27,135,5.4,0.548,1,2.18,74,135,34,-1
5,7,35,1.4,0.6,1,2.33,21,35,9,-1
5,15,75,3,0.547,0.947,2.05,41,71,20,-1
8,22,176,2.75,0.426,1,2.42,75,176,31,-1
10,119,1190,11.9,0.275,0.665,1.84,327,791,178,-1
8,63,504,7.875,0.333,0.734,1.58,168,370,106,-1
8,43,344,5.375,0.34,0.892,1.83,117,307,64,-1
8,12,96,1.5,0.396,0.844,2.11,38,81,18,-1
7,20,140,2.857,0.429,1,1.94,60,140,31,-1
9,56,504,6.222,0.327,0.688,1.94,165,347,85,-1
10,9,90,0.9,0.344,0.856,1.72,31,77,18,-1
8,18,144,2.25,0.403,1,1.61,58,144,36,-1
8,38,304,4.75,0.339,0.766,1.75,103,233,59,-1
8,7,56,0.875,0.357,0.964,1.82,20,54,11,-1
11,262,2882,23.818,0.251,0.677,1.85,722,1951,391,-1
8,168,1344,21,0.32,0.909,1.76,430,1222,245,-1
8,6,48,0.75,0.313,0.792,3,15,38,5,-1
8,29,232,3.625,0.341,0.78,1.93,79,181,41,-1
10,45,450,4.5,0.296,0.584,2.05,133,263,65,-1
10,93,930,9.3,0.268,0.784,1.78,249,729,140,-1
8,3,24,0.375,0.5,1,3,12,24,4,-1
8,7,56,0.875,0.339,0.964,1.36,19,54,14,-1
10,48,480,4.8,0.3,0.556,2.15,144,267,67,-1
8,18,144,2.25,0.354,0.757,1.65,51,109,31,-1
8,16,128,2,0.383,0.781,1.69,49,100,29,-1
8,33,264,4.125,0.371,0.678,1.88,98,179,52,-1
10,176,1760,17.6,0.257,0.583,1.72,452,1026,263,-1
8,25,200,3.125,0.355,0.88,1.73,71,176,41,-1
7,36,252,5.143,0.409,0.861,1.84,103,217,56,-1
8,43,344,5.375,0.326,0.75,1.81,112,258,62,-1
7,12,84,1.714,0.452,0.952,2,38,80,19,-1
10,22,220,2.2,0.277,0.595,1.74,61,131,35,-1
6,8,48,1.333,0.458,0.729,2.44,22,35,9,-1
24,177,4248,7.375,0.508,0.927,8.05,2157,3939,268,-1
101,99,9999,0.98,0.14,0.778,2.02,1398,7780,691,1
8,82,656,10.25,0.396,0.713,2.63,260,468,99,-1
3,9,27,3,0.296,0.667,2,8,18,4,-1
9,132,1188,14.667,0.168,0.693,1.34,199,823,149,-1
7,13,91,1.857,0.242,0.912,1.47,22,83,15,-1
8,150,1200,18.75,0.158,0.594,1.23,189,713,154,-1
2,19,38,9.5,0.184,0.789,1.4,7,30,5,-1
6,82,492,13.667,0.274,0.925,1.39,135,455,97,-1
6,12,72,2,0.292,0.778,1.62,21,56,13,-1
7,13,91,1.857,0.308,0.978,1.56,28,89,18,-1
9,331,2979,36.778,0.126,0.527,1.21,374,1570,308,-1
9,508,4572,56.444,0.164,0.69,1.22,748,3154,614,-1
24,176,4224,7.333,0.496,0.969,7.85,2096,4094,267,-1
5,4,20,0.8,0.4,0.4,8,8,8,1,-1
7,63,441,9,0.288,0.991,1.61,127,437,79,-1
4,4,16,1,0.5,0.5,8,8,8,1,-1
9,107,963,11.889,0.357,0.693,2.44,344,667,141,-1
8,84,672,10.5,0.229,0.689,1.4,154,463,110,-1
9,508,4572,56.444,0.188,0.597,1.49,861,2731,579,-1
9,535,4815,59.444,0.088,0.318,1.37,425,1530,310,-1
7,163,1141,23.286,0.212,0.831,1.31,242,948,185,-1
32,106,3392,3.313,0.198,0.395,4.56,671,1341,147,1
8,83,664,10.375,0.404,0.741,2.58,268,492,104,-1
9,248,2232,27.556,0.33,0.727,2.39,737,1622,308,-1
9,103,927,11.444,0.383,0.825,2.75,355,765,129,-1
8,275,2200,34.375,0.209,0.737,1.31,460,1621,351,-1
7,256,1792,36.571,0.135,0.603,1.36,242,1081,178,-1
9,534,4806,59.333,0.163,0.633,1.34,784,3043,585,-1
10,508,5080,50.8,0.131,0.51,1.27,667,2593,527,-1
8,508,4064,63.5,0.092,0.393,1.28,372,1599,290,-1
8,274,2192,34.25,0.15,0.583,1.35,329,1277,244,-1
7,150,1050,21.429,0.178,0.774,1.36,187,813,138,-1
9,464,4176,51.556,0.158,0.55,1.3,658,2297,505,-1
1,263,263,263,0.152,1,1.03,40,263,39,-1
1,257,257,257,1,1,257,257,257,1,-1
7,147,1029,21,0.215,0.956,1.28,221,984,173,-1
32,350,11200,10.938,0.142,0.402,3.96,1588,4497,401,1
8,59,472,7.375,0.381,0.873,2.77,180,412,65,-1
7,216,1512,30.857,0.458,0.856,3.11,693,1294,223,-1
9,182,1638,20.222,0.378,0.789,2.95,619,1292,210,-1
9,535,4815,59.444,0.118,0.482,1.31,566,2323,432,-1
3,537,1611,179,0.345,0.405,22.24,556,652,25,-1
8,62,496,7.75,0.308,0.948,1.91,153,470,80,-1
9,185,1665,20.556,0.386,0.686,2.83,643,1142,227,-1
2,98,196,49,0.48,0.653,9.4,94,128,10,-1
2,415,830,207.5,0.505,0.578,16.76,419,480,25,-1
9,279,2511,31,0.097,0.339,1.34,243,851,181,-1
9,536,4824,59.556,0.091,0.358,1.38,441,1725,320,-1
2,475,950,237.5,0.504,0.544,95.8,479,517,5,-1
26,294,7644,11.308,0.453,0.917,7.6,3464,7010,456,-1
24,186,4464,7.75,0.505,0.989,7.4,2256,4413,305,-1
28,32,896,1.143,0.462,0.722,7.02,414,647,59,1
9,492,4428,54.667,0.132,0.541,1.22,583,2397,476,-1
1,109,109,109,0.183,1,1.05,20,109,19,-1
10,86,860,8.6,0.145,0.637,1.21,125,548,103,-1
9,314,2826,34.889,0.156,0.587,1.25,440,1659,352,-1
1,62,62,62,0.984,1,61,61,62,1,-1
5,75,375,15,0.269,0.979,1.22,101,367,83,-1
9,151,1359,16.778,0.139,0.549,1.17,189,746,162,-1
8,175,1400,21.875,0.156,0.882,1.2,219,1235,183,-1
10,250,2500,25,0.12,0.603,1.19,301,1507,253,-1
1,13,13,13,1,1,13,13,13,1,-1
31,37,1147,1.194,0.189,0.555,2.07,217,637,105,1
25,187,4675,7.48,0.486,0.939,7.42,2272,4390,306,-1
9,110,990,12.222,0.311,0.627,2.08,308,621,148,-1
9,168,1512,18.667,0.315,0.697,2.15,476,1054,221,-1
8,511,4088,63.875,0.084,0.338,1.31,343,1380,261,-1
8,40,320,5,0.281,0.872,1.45,90,279,62,-1
8,15,120,1.875,0.325,0.833,1.86,39,100,21,-1
10,511,5110,51.1,0.115,0.414,1.53,588,2114,385,-1
7,14,98,2,0.316,0.776,2.21,31,76,14,-1
13,375,4875,28.846,0.154,0.519,1.44,751,2531,521,-1
8,38,304,4.75,0.128,0.444,1.86,39,135,21,-1
7,15,105,2.143,0.4,0.924,1.5,42,97,28,-1
10,511,5110,51.1,0.141,0.542,1.36,721,2772,532,-1
8,15,120,1.875,0.283,0.65,2.27,34,78,15,-1
14,227,3178,16.214,0.237,0.839,3.34,754,2667,226,-1
24,281,6744,11.708,0.468,0.903,7.95,3155,6088,397,-1
9,111,999,12.333,0.218,0.81,1.7,218,809,128,-1
7,215,1505,30.714,0.538,0.993,3.2,810,1495,253,-1
9,82,738,9.111,0.383,0.641,2.62,283,473,108,-1
9,148,1332,16.444,0.198,0.77,1.33,264,1025,198,-1
9,256,2304,28.444,0.099,0.446,1.36,227,1027,167,-1
8,148,1184,18.5,0.196,0.718,1.28,232,850,181,-1
9,301,2709,33.444,0.178,0.694,1.3,482,1881,371,-1
9,534,4806,59.333,0.169,0.667,1.34,811,3208,607,-1
25,186,4650,7.44,0.456,0.868,8.06,2121,4035,263,-1
25,292,7300,11.68,0.472,0.915,7.51,3448,6676,459,-1
9,181,1629,20.111,0.369,0.737,2.99,601,1201,201,-1
9,103,927,11.444,0.399,0.831,2.98,370,770,124,-1
9,186,1674,20.667,0.425,0.786,3.24,712,1315,220,-1
2,537,1074,268.5,0.537,0.609,22.19,577,654,26,-1
2,104,208,52,0.063,0.529,1.08,13,110,12,-1
9,284,2556,31.556,0.137,0.456,1.41,350,1165,249,-1
9,172,1548,19.111,0.167,0.678,1.28,258,1050,202,-1
7,143,1001,20.429,0.105,0.526,1.28,105,527,82,-1
10,511,5110,51.1,0.141,0.529,1.3,721,2701,555,-1
9,510,4590,56.667,0.171,0.695,1.27,787,3190,618,-1
9,99,891,11,0.21,0.778,1.39,187,693,135,-1
9,268,2412,29.778,0.198,0.637,1.36,478,1536,351,-1
9,186,1674,20.667,0.16,0.814,1.26,268,1363,213,-1
1,31,31,31,0.226,1,1.17,7,31,6,-1
2,535,1070,267.5,0.55,0.586,117.8,589,627,5,-1
5,98,490,19.6,0.316,0.704,1.82,155,345,85,-1
24,178,4272,7.417,0.491,0.969,7.86,2099,4141,267,-1
8,215,1720,26.875,0.367,0.746,2.6,631,1283,243,-1
3,500,1500,166.67,0.373,0.421,19.28,559,632,29,-1
8,148,1184,18.5,0.182,0.625,1.2,216,740,180,-1
9,457,4113,50.778,0.173,0.63,1.28,712,2590,555,-1
1,40,40,40,0.2,1,1.14,8,40,7,-1
9,509,4581,56.556,0.096,0.379,1.34,439,1736,328,-1
9,326,2934,36.222,0.171,0.641,1.3,501,1882,385,-1
8,535,4280,66.875,0.171,0.697,1.27,731,2984,575,-1
6,81,486,13.5,0.282,0.932,1.34,137,453,102,-1
9,148,1332,16.444,0.146,0.558,1.17,195,743,167,-1
8,241,1928,30.125,0.119,0.498,1.26,230,960,182,-1
7,69,483,9.857,0.188,0.754,1.28,91,364,71,-1
1,118,118,118,0.186,1,1.05,22,118,21,-1
6,39,234,6.5,0.192,0.197,45,45,46,1,-1
1,54,54,54,0.944,1,17,51,54,3,-1
54,1,54,0.019,1,1,54,54,54,1,1
10,40,400,4,0.278,0.615,2.09,111,246,53,-1
11,53,583,4.818,0.225,0.485,3.45,131,283,38,-1
11,118,1298,10.727,0.408,0.616,6.63,530,800,80,-1
1,22,22,22,0.818,1,4.5,18,22,4,-1
53,1,53,0.019,1,1,53,53,53,1,1
11,71,781,6.455,0.461,0.659,5.54,360,515,65,-1
93,104,9672,1.118,0.451,0.611,4.25,4366,5908,1028,1
42,1,42,0.024,1,1,42,42,42,1,1
11,17,187,1.545,0.321,0.652,4.29,60,122,14,-1
6,13,78,2.167,0.346,0.577,3.38,27,45,8,-1
13,9,117,0.692,0.402,0.684,3.36,47,80,14,-1
13,45,585,3.462,0.429,0.566,6.61,251,331,38,-1
7,7,49,1,0.918,0.959,22.5,45,47,2,-1
22,1,22,0.045,1,1,22,22,22,1,1
1,14,14,14,0.643,1,3,9,14,3,-1
2,16,32,8,0.25,0.531,2.67,8,17,3,-1
1,14,14,14,0.643,1,4.5,9,14,2,-1
1,104,104,104,0.971,1,50.5,101,104,2,-1
24,99,2376,4.125,0.912,0.96,20.07,2168,2282,108,-1
8,43,344,5.375,0.445,0.86,2.73,153,296,56,-1
24,337,8088,14.042,0.945,1,18.29,7647,8088,418,-1
14,402,5628,28.714,0.399,0.631,4.75,2248,3554,473,-1
14,1,14,0.071,1,1,14,14,14,1,1
24,133,3192,5.542,0.907,0.966,18.67,2894,3085,155,-1
8,154,1232,19.25,0.424,0.87,2.75,522,1072,190,-1
10,18,180,1.8,0.522,0.772,8.55,94,139,11,-1
10,143,1430,14.3,0.355,0.775,2.33,508,1108,218,-1
23,124,2852,5.391,0.941,1,17.21,2684,2852,156,-1
8,155,1240,19.375,0.452,0.882,2.78,561,1094,202,-1
8,63,504,7.875,0.435,0.843,2.41,219,425,91,-1
1,32,32,32,0.438,1,2,14,32,7,-1
10,155,1550,15.5,0.314,0.631,2.64,486,978,184,-1
1,34,34,34,0.353,1,1.71,12,34,7,-1
10,17,170,1.7,0.506,0.771,7.82,86,131,11,-1
14,326,4564,23.286,0.363,0.589,4.4,1657,2689,377,-1
3,3,9,1,0.889,0.889,8,8,8,1,-1
11,246,2706,22.364,0.349,0.765,2.85,944,2071,331,-1
3,106,318,35.333,0.258,0.34,6.31,82,108,13,-1
1,9,9,9,0.889,1,8,8,9,1,-1
9,1,9,0.111,1,1,9,9,9,1,1
20,1,20,0.05,1,1,20,20,20,1,1
1,44,44,44,0.727,1,5.33,32,44,6,-1
13,130,1690,10,0.392,0.697,4.77,663,1178,139,-1
18,1,18,0.056,1,1,18,18,18,1,1
9,86,774,9.556,0.394,0.705,2.85,305,546,107,-1
8,162,1296,20.25,0.435,0.936,3,564,1213,188,-1
12,285,3420,23.75,0.411,0.708,4.33,1404,2421,324,-1
10,159,1590,15.9,0.355,0.719,3.07,564,1144,184,-1
17,245,4165,14.412,0.913,0.997,12.97,3801,4152,293,-1
10,205,2050,20.5,0.381,0.708,3.04,781,1451,257,-1
10,17,170,1.7,0.482,0.759,6.83,82,129,12,-1
12,252,3024,21,0.416,0.682,4.75,1259,2062,265,-1
10,151,1510,15.1,0.381,0.785,3.48,575,1186,165,-1
9,82,738,9.111,0.352,0.798,2.63,260,589,99,-1
10,154,1540,15.4,0.315,0.639,2.53,485,984,192,-1
12,1,12,0.083,1,1,12,12,12,1,1
14,419,5866,29.929,0.373,0.603,4.51,2188,3535,485,-1
3,3,9,1,0.889,0.889,8,8,8,1,-1
11,62,682,5.636,0.353,0.78,3.21,241,532,75,-1
3,3,9,1,0.889,0.889,8,8,8,1,-1
23,371,8533,16.13,0.941,1,16.83,8027,8533,477,-1
10,20,200,2,0.605,0.795,8.07,121,159,15,-1
14,433,6062,30.929,0.355,0.572,4.44,2152,3467,485,-1
9,20,180,2.222,0.628,0.856,8.07,113,154,14,-1
14,183,2562,13.071,0.39,0.681,4.87,998,1745,205,-1
6,54,324,9,0.549,0.96,3.36,178,311,53,-1
9,1,9,0.111,1,1,9,9,9,1,1
9,83,747,9.222,0.351,0.726,2.94,262,542,89,-1
12,72,864,6,0.615,0.862,6.4,531,745,83,-1
10,10,100,1,0.52,0.53,52,52,53,1,-1
7,45,315,6.429,0.483,0.984,2.45,152,310,62,-1
14,284,3976,20.286,0.365,0.54,5.1,1453,2147,285,-1
9,17,153,1.889,0.536,0.915,6.31,82,140,13,-1
11,118,1298,10.727,0.459,0.742,4.81,596,963,124,-1
10,16,160,1.6,0.619,0.963,6.19,99,154,16,-1
8,272,2176,34,0.359,0.848,2.7,781,1846,289,-1
28,281,7868,10.036,0.318,0.551,4.72,2502,4339,530,-1
9,152,1368,16.889,0.379,0.765,2.77,518,1047,187,-1
14,254,3556,18.143,0.377,0.569,4.72,1341,2022,284,-1
9,19,171,2.111,0.655,0.871,8.62,112,149,13,-1
13,267,3471,20.538,0.401,0.662,4.87,1392,2299,286,-1
3,3,9,1,0.889,1,8,8,9,1,-1
14,416,5824,29.714,0.384,0.617,4.64,2234,3594,481,-1
24,198,4752,8.25,0.911,0.983,15.8,4329,4670,274,-1
13,133,1729,10.231,0.36,0.721,4.9,622,1247,127,-1
9,19,171,2.111,0.667,0.895,7.6,114,153,15,-1
174,471,81954,2.707,0.339,0.433,15.84,27820,35499,1756,1
6,72,432,12,0.604,0.991,4.08,261,428,64,-1
9,83,747,9.222,0.333,0.742,2.93,249,554,85,-1
11,71,781,6.455,0.69,0.95,7,539,742,77,-1
11,20,220,1.818,0.564,0.909,8.27,124,200,15,-1
16,121,1936,7.563,0.396,0.611,5.6,767,1182,137,-1
12,409,4908,34.083,0.302,0.604,2.88,1482,2966,515,-1
16,181,2896,11.313,0.4,0.759,5.1,1157,2198,227,-1
8,82,656,10.25,0.412,0.803,2.78,270,527,97,-1
1,28,28,28,0.464,1,2.17,13,28,6,-1
11,72,792,6.545,0.665,0.938,6.35,527,743,83,-1
16,205,3280,12.813,0.401,0.799,5.36,1314,2622,245,-1
7,80,560,11.429,0.5,0.848,3.54,280,475,79,-1
3,4,12,1.333,0.917,0.917,11,11,11,1,-1
186,469,87234,2.522,0.378,0.529,22.29,33017,46133,1481,1
11,236,2596,21.455,0.354,0.803,2.91,920,2084,316,-1
3,4,12,1.333,1,1,12,12,12,1,-1
5,2,10,0.4,0.9,0.9,9,9,9,1,1
3,4,12,1.333,0.917,0.917,11,11,11,1,-1
11,22,242,2,0.624,0.88,9.44,151,213,16,-1
16,243,3888,15.188,0.394,0.709,5.5,1530,2756,278,-1
9,1,9,0.111,1,1,9,9,9,1,1
8,104,832,13,0.575,0.87,3.71,478,724,129,-1
77,271,20867,3.519,0.478,0.744,11.28,9981,15523,885,-1
9,230,2070,25.556,0.399,0.87,2.63,826,1800,314,-1
8,13,104,1.625,0.635,0.788,8.25,66,82,8,-1
10,177,1770,17.7,0.26,0.693,1.77,461,1226,261,-1
10,316,3160,31.6,0.366,0.673,2.74,1158,2126,422,-1
9,276,2484,30.667,0.388,0.846,2.58,964,2102,373,-1
9,278,2502,30.889,0.258,0.798,1.62,645,1997,398,-1
9,358,3222,39.778,0.385,0.863,2.36,1240,2782,525,-1
9,80,720,8.889,0.304,0.838,1.8,219,603,122,-1
8,162,1296,20.25,0.327,0.79,2.85,424,1024,149,-1
10,162,1620,16.2,0.294,0.73,2.71,477,1183,176,-1
3,104,312,34.667,0.606,0.683,9.95,189,213,19,-1
7,5,35,0.714,0.829,0.829,29,29,29,1,-1
8,1,8,0.125,1,1,8,8,8,1,-1
15,29,435,1.933,0.524,0.97,4.15,228,422,55,-1
17,19,323,1.118,0.362,0.381,58.5,117,123,2,-1
8,206,1648,25.75,0.236,0.793,1.64,389,1307,237,-1
6,184,1104,30.667,0.272,0.697,1.54,300,770,195,-1
7,128,896,18.286,0.265,0.72,1.69,237,645,140,-1
17,23,391,1.353,0.419,0.808,6.56,164,316,25,-1
9,166,1494,18.444,0.274,0.606,1.88,409,905,217,-1
7,240,1680,34.286,0.215,0.538,1.64,362,904,221,-1
4,19,76,4.75,0.421,0.921,1.78,32,70,18,-1
9,161,1449,17.889,0.273,0.521,2.41,396,755,164,-1
17,24,408,1.412,0.426,0.792,4.46,174,323,39,-1
5,69,345,13.8,0.249,0.632,1.51,86,218,57,-1
7,135,945,19.286,0.156,0.753,1.23,147,712,120,-1
19,130,2470,6.842,0.208,0.65,1.93,514,1606,267,-1
7,98,686,14,0.254,0.608,1.53,174,417,114,-1
9,153,1377,17,0.304,0.848,2.06,419,1168,203,-1
16,12,192,0.75,0.526,0.833,7.21,101,160,14,-1
10,325,3250,32.5,0.215,0.692,1.51,700,2248,463,-1
9,197,1773,21.889,0.274,0.699,1.74,485,1240,278,-1
6,94,564,15.667,0.184,0.934,1.32,104,527,79,-1
16,24,384,1.5,0.393,0.935,4.72,151,359,32,-1
6,93,558,15.5,0.238,0.711,1.71,133,397,78,-1
10,288,2880,28.8,0.191,0.564,1.5,549,1624,365,-1
6,96,576,16,0.297,0.811,2.25,171,467,76,-1
9,331,2979,36.778,0.222,0.69,1.57,661,2056,421,-1
9,183,1647,20.333,0.218,0.6,1.42,359,989,252,-1
6,97,582,16.167,0.266,0.72,1.82,155,419,85,-1
16,24,384,1.5,0.44,0.948,5.28,169,364,32,-1
12,91,1092,7.583,0.281,0.59,2.46,307,644,125,-1
6,97,582,16.167,0.299,0.701,1.85,174,408,94,-1
13,242,3146,18.615,0.231,0.614,2.33,726,1932,312,-1
4,69,276,17.25,0.377,0.96,1.82,104,265,57,-1
6,96,576,16,0.293,0.724,2.09,169,417,81,-1
5,39,195,7.8,0.395,0.826,3.67,77,161,21,-1
5,39,195,7.8,0.436,0.656,3.54,85,128,24,-1
91,285,25935,3.132,0.158,0.165,113.89,4100,4287,36,1
9,160,1440,17.778,0.215,0.8,1.58,310,1152,196,-1
1,41,41,41,0.39,1,1.07,16,41,15,-1
7,125,875,17.857,0.29,0.735,1.59,254,643,160,-1
1,40,40,40,0.4,1,1.07,16,40,15,-1
6,7,42,1.167,0.333,0.952,1.4,14,40,10,-1
7,76,532,10.857,0.301,0.859,1.38,160,457,116,-1
5,2,10,0.4,0.8,0.8,8,8,8,1,-1
7,105,735,15,0.256,0.705,1.69,188,518,111,-1
7,53,371,7.571,0.089,0.245,1.5,33,91,22,-1
9,102,918,11.333,0.166,0.56,1.58,152,514,96,-1
8,77,616,9.625,0.232,0.731,1.47,143,450,97,-1
1,29,29,29,0.31,1,1.13,9,29,8,-1
7,17,119,2.429,0.16,0.739,1.73,19,88,11,-1
5,56,280,11.2,0.121,0.471,1.31,34,132,26,-1
6,31,186,5.167,0.199,0.565,1.85,37,105,20,-1
3,8,24,2.667,0.333,0.875,1.33,8,21,6,-1
9,44,396,4.889,0.412,0.795,2.47,163,315,66,-1
7,8,56,1.143,0.214,0.625,1.71,12,35,7,-1
7,8,56,1.143,0.304,0.768,1.42,17,43,12,-1
7,46,322,6.571,0.416,0.776,2.63,134,250,51,-1
8,54,432,6.75,0.188,0.78,1.53,81,337,53,-1
8,180,1440,22.5,0.199,0.724,1.31,286,1043,219,-1
9,98,882,10.889,0.185,0.662,1.58,163,584,103,-1
9,222,1998,24.667,0.202,0.711,1.52,403,1421,266,-1
7,28,196,4,0.306,0.847,1.58,60,166,38,-1
8,32,256,4,0.23,0.613,1.4,59,157,42,-1
9,52,468,5.778,0.203,0.626,1.38,95,293,69,-1
5,16,80,3.2,0.25,0.938,2,20,75,10,-1
6,85,510,14.167,0.239,0.725,1.42,122,370,86,-1
8,24,192,3,0.203,0.568,1.7,39,109,23,-1
8,85,680,10.625,0.238,0.687,1.46,162,467,111,-1
5,27,135,5.4,0.267,0.622,1.71,36,84,21,-1
6,40,240,6.667,0.221,0.621,1.43,53,149,37,-1
7,87,609,12.429,0.365,0.856,1.91,222,521,116,-1
9,46,414,5.111,0.297,0.833,1.66,123,345,74,-1
5,110,550,22,0.547,0.556,100.33,301,306,3,-1
20,39,780,1.95,0.232,0.585,3.42,181,456,53,-1
22,20,440,0.909,0.28,0.57,5.35,123,251,23,-1
10,119,1190,11.9,0.202,0.842,1.59,240,1002,151,-1
1,184,184,184,0.967,1,44.5,178,184,4,-1
10,22,220,2.2,0.323,0.814,2.09,71,179,34,-1
1,235,235,235,0.923,1,27.13,217,235,8,-1
14,422,5908,30.143,0.18,0.58,1.7,1062,3426,624,-1
13,337,4381,25.923,0.185,0.751,1.58,811,3291,514,-1
11,357,3927,32.455,0.215,0.823,1.55,845,3232,546,-1
13,188,2444,14.462,0.188,0.71,1.67,460,1736,275,-1
41,67,2747,1.634,0.441,0.529,33.67,1212,1452,36,-1
3,259,777,86.333,0.96,0.978,67.82,746,760,11,-1
38,342,12996,9,0.275,0.466,12.99,3573,6053,275,-1
1,34,34,34,0.471,1,1.07,16,34,15,-1
6,96,576,16,0.238,0.778,1.38,137,448,99,-1
8,319,2552,39.875,0.174,0.692,1.26,445,1765,353,-1
1,161,161,161,0.41,1,1.02,66,161,65,-1
9,295,2655,32.778,0.2,0.559,1.5,531,1483,354,-1
1,22,22,22,0.591,1,2.6,13,22,5,-1
7,75,525,10.714,0.156,0.758,1.28,82,398,64,-1
9,231,2079,25.667,0.196,0.637,1.49,407,1324,274,-1
5,8,40,1.6,0.325,0.9,1.63,13,36,8,-1
1,20,20,20,0.55,1,1.38,11,20,8,-1
1,172,172,172,0.465,1,1.04,80,172,77,-1
6,263,1578,43.833,0.124,0.66,1.11,196,1041,177,-1
5,19,95,3.8,0.211,0.779,1.33,20,74,15,-1
6,135,810,22.5,0.21,0.736,1.37,170,596,124,-1
6,326,1956,54.333,0.213,0.716,1.29,416,1400,323,-1
7,123,861,17.571,0.139,0.674,1.26,120,580,95,-1
7,346,2422,49.429,0.167,0.707,1.19,404,1712,339,-1
5,89,445,17.8,0.169,0.717,1.14,75,319,66,-1
28,82,2296,2.929,0.271,0.39,8.9,623,895,70,-1
7,42,294,6,0.405,0.976,2.05,119,287,58,-1
14,155,2170,11.071,0.303,0.639,2.76,658,1386,238,-1
33,180,5940,5.455,0.236,0.611,1.68,1400,3627,835,-1
17,342,5814,20.118,0.916,0.996,30.27,5328,5790,176,-1
11,11,121,1,0.537,0.876,5,65,106,13,-1
1,126,126,126,0.992,1,125,125,126,1,-1
10,31,310,3.1,0.281,0.606,1.98,87,188,44,-1
7,9,63,1.286,0.444,0.825,3.11,28,52,9,-1
6,13,78,2.167,0.538,0.923,2.63,42,72,16,-1
12,39,468,3.25,0.282,0.487,4,132,228,33,-1
11,303,3333,27.545,0.151,0.2,7.49,502,666,67,-1
11,11,121,1,0.455,0.876,4.23,55,106,13,-1
10,121,1210,12.1,0.268,0.664,2.47,324,804,131,-1
2,25,50,12.5,0.36,1,4.5,18,50,4,-1
11,11,121,1,0.43,0.802,4.73,52,97,11,-1
1,196,196,196,0.98,1,64,192,196,3,-1
2,199,398,99.5,0.485,0.508,32.17,193,202,6,-1
1,159,159,159,0.994,1,158,158,159,1,-1
11,12,132,1.091,0.432,0.674,4.38,57,89,13,-1
36,5,180,0.139,0.656,0.817,7.87,118,147,15,-1
10,183,1830,18.3,0.267,0.682,1.67,488,1248,293,-1
9,1,9,0.111,1,1,9,9,9,1,1
10,87,870,8.7,0.375,0.764,2.23,326,665,146,-1
1,70,70,70,0.943,1,22,66,70,3,-1
1,9,9,9,1,1,9,9,9,1,-1
11,65,715,5.909,0.178,0.662,1.65,127,473,77,-1
10,165,1650,16.5,0.258,0.695,1.65,426,1147,258,-1
11,147,1617,13.364,0.32,0.607,2.2,518,982,235,-1
1,87,87,87,0.92,1,16,80,87,5,-1
7,4,28,0.571,0.714,0.929,10,20,26,2,-1
7,41,287,5.857,0.213,0.801,1.36,61,230,45,-1
8,1,8,0.125,1,1,8,8,8,1,1
